{
  "lifetime_n": 14,
  "lifetime_pf": 2.463727839003354,
  "lifetime_expectancy": 0.43639999999999995,
  "lifecycle": "PAPER_COLLECTING",
  "rolling20": [
    [
      -0.274,
      "LOSS",
      "ETHUSDT:NEUTRAL:BUY",
      1779695378.1397748
    ],
    [
      2.02,
      "WIN",
      "BTCUSDT:NEUTRAL:BUY",
      1779695378.1659036
    ],
    [
      0.4769,
      "WIN",
      "XRPUSDT:NEUTRAL:BUY",
      1779695379.8355231
    ],
    [
      0.82,
      "WIN",
      "BTCUSDT:NEUTRAL:BUY",
      1779695383.222813
    ],
    [
      0.82,
      "WIN",
      "BTCUSDT:NEUTRAL:BUY",
      1779695383.2451735
    ],
    [
      0.82,
      "WIN",
      "BTCUSDT:NEUTRAL:BUY",
      1779695383.4912024
    ],
    [
      -0.18,
      "LOSS",
      "BTCUSDT:NEUTRAL:BUY",
      1779695383.5377133
    ],
    [
      -0.18,
      "LOSS",
      "BTCUSDT:NEUTRAL:BUY",
      1779695383.562609
    ],
    [
      -0.18,
      "LOSS",
      "TRXUSDT:NEUTRAL:BUY",
      1779695383.5713358
    ],
    [
      -0.18,
      "LOSS",
      "DOGEUSDT:NEUTRAL:BUY",
      1779695383.5803626
    ],
    [
      2.82,
      "WIN",
      "SOLUSDT:BULL_TREND:BUY",
      1779695383.6379552
    ],
    [
      -3.18,
      "LOSS",
      "SOLUSDT:BULL_TREND:BUY",
      1779695383.645565
    ],
    [
      2.02,
      "WIN",
      "BTCUSDT:BULL_TREND:BUY",
      1779695383.668075
    ],
    [
      0.4867,
      "WIN",
      "LTCUSDT:NEUTRAL:BUY",
      1779695383.7384114
    ]
  ],
  "rolling50": [
    [
      -0.274,
      "LOSS",
      "ETHUSDT:NEUTRAL:BUY",
      1779695378.1397748
    ],
    [
      2.02,
      "WIN",
      "BTCUSDT:NEUTRAL:BUY",
      1779695378.1659036
    ],
    [
      0.4769,
      "WIN",
      "XRPUSDT:NEUTRAL:BUY",
      1779695379.8355231
    ],
    [
      0.82,
      "WIN",
      "BTCUSDT:NEUTRAL:BUY",
      1779695383.222813
    ],
    [
      0.82,
      "WIN",
      "BTCUSDT:NEUTRAL:BUY",
      1779695383.2451735
    ],
    [
      0.82,
      "WIN",
      "BTCUSDT:NEUTRAL:BUY",
      1779695383.4912024
    ],
    [
      -0.18,
      "LOSS",
      "BTCUSDT:NEUTRAL:BUY",
      1779695383.5377133
    ],
    [
      -0.18,
      "LOSS",
      "BTCUSDT:NEUTRAL:BUY",
      1779695383.562609
    ],
    [
      -0.18,
      "LOSS",
      "TRXUSDT:NEUTRAL:BUY",
      1779695383.5713358
    ],
    [
      -0.18,
      "LOSS",
      "DOGEUSDT:NEUTRAL:BUY",
      1779695383.5803626
    ],
    [
      2.82,
      "WIN",
      "SOLUSDT:BULL_TREND:BUY",
      1779695383.6379552
    ],
    [
      -3.18,
      "LOSS",
      "SOLUSDT:BULL_TREND:BUY",
      1779695383.645565
    ],
    [
      2.02,
      "WIN",
      "BTCUSDT:BULL_TREND:BUY",
      1779695383.668075
    ],
    [
      0.4867,
      "WIN",
      "LTCUSDT:NEUTRAL:BUY",
      1779695383.7384114
    ]
  ],
  "rolling100": [
    [
      -0.274,
      "LOSS",
      "ETHUSDT:NEUTRAL:BUY",
      1779695378.1397748
    ],
    [
      2.02,
      "WIN",
      "BTCUSDT:NEUTRAL:BUY",
      1779695378.1659036
    ],
    [
      0.4769,
      "WIN",
      "XRPUSDT:NEUTRAL:BUY",
      1779695379.8355231
    ],
    [
      0.82,
      "WIN",
      "BTCUSDT:NEUTRAL:BUY",
      1779695383.222813
    ],
    [
      0.82,
      "WIN",
      "BTCUSDT:NEUTRAL:BUY",
      1779695383.2451735
    ],
    [
      0.82,
      "WIN",
      "BTCUSDT:NEUTRAL:BUY",
      1779695383.4912024
    ],
    [
      -0.18,
      "LOSS",
      "BTCUSDT:NEUTRAL:BUY",
      1779695383.5377133
    ],
    [
      -0.18,
      "LOSS",
      "BTCUSDT:NEUTRAL:BUY",
      1779695383.562609
    ],
    [
      -0.18,
      "LOSS",
      "TRXUSDT:NEUTRAL:BUY",
      1779695383.5713358
    ],
    [
      -0.18,
      "LOSS",
      "DOGEUSDT:NEUTRAL:BUY",
      1779695383.5803626
    ],
    [
      2.82,
      "WIN",
      "SOLUSDT:BULL_TREND:BUY",
      1779695383.6379552
    ],
    [
      -3.18,
      "LOSS",
      "SOLUSDT:BULL_TREND:BUY",
      1779695383.645565
    ],
    [
      2.02,
      "WIN",
      "BTCUSDT:BULL_TREND:BUY",
      1779695383.668075
    ],
    [
      0.4867,
      "WIN",
      "LTCUSDT:NEUTRAL:BUY",
      1779695383.7384114
    ]
  ],
  "segment_weights": {},
  "qualification_schema_version": 1,
  "qualification_started_at": 1779695378.1397564,
  "qualification_n": 14,
  "qualification_window": [
    [
      -0.274,
      "LOSS",
      "ETHUSDT:NEUTRAL:BUY",
      1779695378.1398342,
      "paper_09c568952be7"
    ],
    [
      2.02,
      "WIN",
      "BTCUSDT:NEUTRAL:BUY",
      1779695378.1659594,
      "paper_d92801d8ec08"
    ],
    [
      0.4769,
      "WIN",
      "XRPUSDT:NEUTRAL:BUY",
      1779695379.835612,
      "paper_e6bc76bd1c67"
    ],
    [
      0.82,
      "WIN",
      "BTCUSDT:NEUTRAL:BUY",
      1779695383.2228553,
      "paper_e9df15dfed0a"
    ],
    [
      0.82,
      "WIN",
      "BTCUSDT:NEUTRAL:BUY",
      1779695383.2452323,
      "paper_e96ee97438c3"
    ],
    [
      0.82,
      "WIN",
      "BTCUSDT:NEUTRAL:BUY",
      1779695383.4912694,
      "paper_7e90328a03f8"
    ],
    [
      -0.18,
      "LOSS",
      "BTCUSDT:NEUTRAL:BUY",
      1779695383.5377545,
      "paper_fe3a18db1169"
    ],
    [
      -0.18,
      "LOSS",
      "BTCUSDT:NEUTRAL:BUY",
      1779695383.562677,
      "paper_af5133dd86a9"
    ],
    [
      -0.18,
      "LOSS",
      "TRXUSDT:NEUTRAL:BUY",
      1779695383.571376,
      "paper_cb9618b727db"
    ],
    [
      -0.18,
      "LOSS",
      "DOGEUSDT:NEUTRAL:BUY",
      1779695383.5804534,
      "paper_a975089590f8"
    ],
    [
      2.82,
      "WIN",
      "SOLUSDT:BULL_TREND:BUY",
      1779695383.6380012,
      "paper_4129b22d59e5"
    ],
    [
      -3.18,
      "LOSS",
      "SOLUSDT:BULL_TREND:BUY",
      1779695383.6456304,
      "paper_8ef4144b25fa"
    ],
    [
      2.02,
      "WIN",
      "BTCUSDT:BULL_TREND:BUY",
      1779695383.668142,
      "paper_5320e2fa818f"
    ],
    [
      0.4867,
      "WIN",
      "LTCUSDT:NEUTRAL:BUY",
      1779695383.7385278,
      "paper_b3e00384ef40"
    ]
  ],
  "operator_unlock": false
}